{
    "test_name": "parameter_sweep",
    "out_file_name": "sweep_cubehole.bin",
    "Sweep": {
        "geometry": "cube_hole",
        "random": false,
        "fix_to_paraboloid": false,
        "translation": [
            [
                -0.5,
                -0.5,
                -0.5
            ],
            [
                0.5,
                0.5,
                0.5
            ]
        ],
        "rotation": [
            [
                0.0,
                0.0,
                0.0
            ],
            [
                3.1415926535897932384626433832795028841971693993751058209749445923,
                3.1415926535897932384626433832795028841971693993751058209749445923,
                3.1415926535897932384626433832795028841971693993751058209749445923
            ]
        ],
        "coefficient": [
            [
                -5.0,
                -5.0
            ],
            [
                5.0,
                5.0
            ]
        ],
        "translation_steps": [
            5,
            5,
            5
        ],
        "rotation_steps": [
            5,
            5,
            5
        ],
        "coefficient_steps": [
            11,
            11
        ]
    }
}